{"cameraMode":{"drawMode":0,"name":"Shaded","section":"Shading Mode"},"sceneLighting":true,"audioPlay":false,"sceneViewState":{"m_AlwaysRefresh":false,"showFog":true,"showSkybox":true,"showFlares":true,"showImageEffects":true,"showParticleSystems":true,"showVisualEffectGraphs":true,"m_FxEnabled":true},"in2DMode":false,"pivot":{"x":8.892486572265625,"y":-4.293071746826172,"z":35.296287536621097},"rotation":{"x":-0.045195817947387698,"y":0.9179374575614929,"z":-0.10957564413547516,"w":-0.3786100447177887},"size":17.517351150512697,"orthographic":false}