{"cameraMode":{"drawMode":0,"name":"Shaded","section":"Shading Mode"},"sceneLighting":false,"audioPlay":false,"sceneViewState":{"m_AlwaysRefresh":false,"showFog":true,"showSkybox":true,"showFlares":true,"showImageEffects":true,"showParticleSystems":true,"showVisualEffectGraphs":true,"m_FxEnabled":true},"in2DMode":false,"pivot":{"x":-2.2570748329162599,"y":1.2952156066894532,"z":14.467144012451172},"rotation":{"x":0.6393950581550598,"y":-0.14912550151348115,"z":0.12828102707862855,"w":0.7432912588119507},"size":18.187225341796876,"orthographic":false}